label,episode_end,success_rate,avg_score,avg_wp,avg_progress
SAC_Scratch,50,0.0,39.03,0.46,0.0349
SAC_Scratch,51,0.0,37.53,0.46,0.0329
SAC_Scratch,52,0.0,38.72,0.46,0.0344
SAC_Scratch,53,0.0,46.21,0.52,0.0346
SAC_Scratch,54,0.0,55.2,0.58,0.0369
SAC_Scratch,55,0.0,56.15,0.58,0.0376
SAC_Scratch,56,0.0,57.13,0.58,0.0387
SAC_Scratch,57,2.0,82.6,0.64,0.0406
SAC_Scratch,58,2.0,92.47,0.7,0.0427
SAC_Scratch,59,2.0,95.06,0.7,0.0452
SAC_Scratch,60,2.0,99.71,0.72,0.0459
SAC_Scratch,61,4.0,129.8,0.8,0.049
SAC_Scratch,62,4.0,133.46,0.82,0.0491
SAC_Scratch,63,6.0,161.81,0.9,0.0504
SAC_Scratch,64,6.0,163.0,0.92,0.0485
SAC_Scratch,65,6.0,165.49,0.94,0.048
SAC_Scratch,66,6.0,167.67,0.96,0.0473
SAC_Scratch,67,8.0,194.76,1.04,0.048
SAC_Scratch,68,8.0,199.9,1.08,0.0474
SAC_Scratch,69,8.0,201.34,1.1,0.0455
SAC_Scratch,70,8.0,207.16,1.16,0.0454
SAC_Scratch,71,8.0,213.32,1.2,0.0476
SAC_Scratch,72,8.0,218.72,1.24,0.0479
SAC_Scratch,73,8.0,227.36,1.3,0.0494
SAC_Scratch,74,8.0,237.09,1.36,0.0522
SAC_Scratch,75,8.0,239.31,1.38,0.0524
SAC_Scratch,76,10.0,264.09,1.44,0.0528
SAC_Scratch,77,10.0,274.14,1.5,0.0572
SAC_Scratch,78,10.0,271.14,1.48,0.0544
SAC_Scratch,79,10.0,271.98,1.48,0.0563
SAC_Scratch,80,10.0,274.05,1.5,0.0564
SAC_Scratch,81,10.0,279.17,1.52,0.0581
SAC_Scratch,82,12.0,306.86,1.6,0.0593
SAC_Scratch,83,12.0,309.03,1.62,0.0589
SAC_Scratch,84,12.0,310.05,1.62,0.0603
SAC_Scratch,85,12.0,309.02,1.62,0.0599
SAC_Scratch,86,12.0,316.57,1.66,0.0629
SAC_Scratch,87,12.0,321.54,1.7,0.0613
SAC_Scratch,88,12.0,329.05,1.74,0.0641
SAC_Scratch,89,12.0,337.81,1.8,0.0653
SAC_Scratch,90,12.0,346.45,1.86,0.0664
SAC_Scratch,91,12.0,354.17,1.9,0.0692
SAC_Scratch,92,12.0,362.51,1.96,0.0691
SAC_Scratch,93,14.0,386.81,2.02,0.0683
SAC_Scratch,94,14.0,391.8,2.06,0.0687
SAC_Scratch,95,16.0,420.9,2.14,0.071
SAC_Scratch,96,16.0,426.01,2.18,0.0695
SAC_Scratch,97,16.0,431.03,2.22,0.0693
SAC_Scratch,98,16.0,437.34,2.26,0.0696
SAC_Scratch,99,16.0,446.25,2.32,0.0701
SAC_Scratch,100,16.0,453.03,2.36,0.0715
SAC_Scratch,101,16.0,455.74,2.38,0.0716
SAC_Scratch,102,16.0,462.51,2.42,0.0715
SAC_Scratch,103,16.0,464.53,2.42,0.0721
SAC_Scratch,104,16.0,461.44,2.4,0.0722
SAC_Scratch,105,18.0,486.67,2.46,0.075
SAC_Scratch,106,20.0,511.4,2.52,0.0759
SAC_Scratch,107,18.0,494.81,2.5,0.0766
SAC_Scratch,108,20.0,513.76,2.52,0.0783
SAC_Scratch,109,20.0,513.81,2.54,0.0772
SAC_Scratch,110,22.0,532.71,2.56,0.0788
SAC_Scratch,111,20.0,513.34,2.54,0.0792
SAC_Scratch,112,20.0,509.55,2.52,0.0787
SAC_Scratch,113,18.0,487.23,2.48,0.0795
SAC_Scratch,114,18.0,488.47,2.48,0.0806
SAC_Scratch,115,18.0,491.77,2.5,0.0808
SAC_Scratch,116,18.0,492.07,2.5,0.082
SAC_Scratch,117,16.0,466.14,2.44,0.0799
SAC_Scratch,118,16.0,468.38,2.44,0.0803
SAC_Scratch,119,16.0,466.65,2.42,0.0817
SAC_Scratch,120,16.0,460.96,2.36,0.0822
SAC_Scratch,121,16.0,459.49,2.36,0.0809
SAC_Scratch,122,16.0,460.16,2.36,0.0819
SAC_Scratch,123,16.0,460.01,2.36,0.0818
SAC_Scratch,124,16.0,457.48,2.36,0.0805
SAC_Scratch,125,18.0,482.45,2.42,0.0809
SAC_Scratch,126,18.0,482.81,2.42,0.0815
SAC_Scratch,127,20.0,502.44,2.44,0.0815
SAC_Scratch,128,20.0,509.72,2.5,0.0828
SAC_Scratch,129,22.0,536.03,2.58,0.0832
SAC_Scratch,130,24.0,561.96,2.64,0.0853
SAC_Scratch,131,26.0,587.23,2.7,0.0879
SAC_Scratch,132,26.0,586.58,2.7,0.0873
SAC_Scratch,133,28.0,611.7,2.76,0.0885
SAC_Scratch,134,28.0,618.2,2.8,0.0908
SAC_Scratch,135,28.0,627.1,2.86,0.0924
SAC_Scratch,136,28.0,625.08,2.86,0.0909
SAC_Scratch,137,30.0,644.34,2.88,0.0929
SAC_Scratch,138,32.0,663.05,2.9,0.0946
SAC_Scratch,139,34.0,680.84,2.92,0.0938
SAC_Scratch,140,36.0,699.85,2.94,0.0945
SAC_Scratch,141,36.0,696.54,2.92,0.0948
SAC_Scratch,142,38.0,713.37,2.94,0.0941
SAC_Scratch,143,38.0,713.51,2.94,0.0956
SAC_Scratch,144,40.0,736.09,2.98,0.0974
SAC_Scratch,145,40.0,735.48,2.98,0.0975
SAC_Scratch,146,42.0,755.08,3.0,0.0996
SAC_Scratch,147,44.0,776.94,3.04,0.1012
SAC_Scratch,148,44.0,772.83,3.02,0.1003
SAC_Scratch,149,44.0,772.44,3.02,0.1005
SAC_Scratch,150,46.0,791.18,3.04,0.101
SAC_Scratch,151,48.0,813.96,3.08,0.1028
SAC_Scratch,152,50.0,832.25,3.1,0.1043
SAC_Scratch,153,52.0,849.96,3.12,0.1057
SAC_Scratch,154,54.0,872.13,3.16,0.1078
SAC_Scratch,155,54.0,872.38,3.16,0.1083
SAC_Scratch,156,54.0,872.43,3.16,0.1096
SAC_Scratch,157,56.0,891.39,3.18,0.1117
SAC_Scratch,158,56.0,891.54,3.18,0.1122
SAC_Scratch,159,58.0,916.69,3.22,0.1146
SAC_Scratch,160,58.0,915.79,3.22,0.1147
SAC_Scratch,161,58.0,917.4,3.22,0.1172
SAC_Scratch,162,60.0,942.48,3.28,0.118
SAC_Scratch,163,60.0,934.21,3.24,0.116
SAC_Scratch,164,60.0,937.1,3.26,0.1162
SAC_Scratch,165,62.0,955.96,3.28,0.1166
SAC_Scratch,166,64.0,980.71,3.34,0.1181
SAC_Scratch,167,66.0,1006.02,3.4,0.1189
SAC_Scratch,168,68.0,1023.83,3.42,0.1199
SAC_Scratch,169,68.0,1027.51,3.46,0.1185
SAC_Scratch,170,70.0,1052.98,3.54,0.1182
SAC_Scratch,171,72.0,1075.68,3.58,0.1207
SAC_Scratch,172,72.0,1070.43,3.56,0.1178
SAC_Scratch,173,74.0,1089.41,3.58,0.1183
SAC_Scratch,174,74.0,1090.9,3.58,0.1191
SAC_Scratch,175,74.0,1091.12,3.58,0.1207
SAC_Scratch,176,74.0,1090.78,3.58,0.1198
SAC_Scratch,177,74.0,1090.54,3.58,0.1214
SAC_Scratch,178,76.0,1110.75,3.6,0.1224
SAC_Scratch,179,76.0,1112.25,3.6,0.124
SAC_Scratch,180,76.0,1111.34,3.6,0.1239
SAC_Scratch,181,76.0,1111.98,3.6,0.1245
SAC_Scratch,182,76.0,1112.8,3.6,0.1264
SAC_Scratch,183,76.0,1112.33,3.6,0.1273
SAC_Scratch,184,78.0,1130.21,3.62,0.1273
SAC_Scratch,185,80.0,1150.01,3.64,0.1296
SAC_Scratch,186,82.0,1174.16,3.68,0.1326
SAC_Scratch,187,82.0,1174.24,3.68,0.133
SAC_Scratch,188,82.0,1173.79,3.68,0.1326
SAC_Scratch,189,82.0,1174.75,3.68,0.1351
SAC_Scratch,190,82.0,1175.26,3.68,0.1363
SAC_Scratch,191,84.0,1200.44,3.74,0.1381
SAC_Scratch,192,84.0,1202.63,3.74,0.1412
SAC_Scratch,193,84.0,1202.29,3.74,0.1409
SAC_Scratch,194,82.0,1174.49,3.7,0.1365
SAC_Scratch,195,82.0,1175.49,3.7,0.137
SAC_Scratch,196,82.0,1174.97,3.7,0.1357
SAC_Scratch,197,82.0,1174.77,3.7,0.1356
SAC_Scratch,198,84.0,1197.58,3.74,0.1383
SAC_Scratch,199,84.0,1191.32,3.7,0.1376
SAC_Scratch,200,82.0,1168.96,3.66,0.1362
SAC_Scratch,201,80.0,1147.29,3.62,0.1352
SAC_Scratch,202,80.0,1146.79,3.62,0.1351
SAC_Scratch,203,78.0,1125.22,3.58,0.1342
SAC_Scratch,204,76.0,1103.57,3.54,0.1322
SAC_Scratch,205,74.0,1085.69,3.52,0.1313
SAC_Scratch,206,74.0,1085.48,3.52,0.1312
SAC_Scratch,207,72.0,1064.05,3.48,0.131
SAC_Scratch,208,70.0,1044.52,3.46,0.1309
SAC_Scratch,209,70.0,1044.36,3.46,0.1323
SAC_Scratch,210,70.0,1045.19,3.46,0.1331
SAC_Scratch,211,70.0,1041.84,3.44,0.1319
SAC_Scratch,212,68.0,1019.44,3.4,0.1318
SAC_Scratch,213,68.0,1030.25,3.46,0.1347
SAC_Scratch,214,68.0,1023.74,3.44,0.1328
SAC_Scratch,215,68.0,1024.77,3.44,0.1344
SAC_Scratch,216,68.0,1025.08,3.44,0.1343
SAC_Scratch,217,68.0,1025.4,3.44,0.1366
SAC_Scratch,218,68.0,1024.43,3.44,0.1358
SAC_Scratch,219,70.0,1045.55,3.46,0.138
SAC_Scratch,220,70.0,1047.32,3.46,0.1406
SAC_Scratch,221,70.0,1047.99,3.46,0.1402
SAC_Scratch,222,70.0,1050.31,3.46,0.1422
SAC_Scratch,223,70.0,1050.47,3.46,0.1435
SAC_Scratch,224,72.0,1069.67,3.48,0.1457
SAC_Scratch,225,72.0,1069.68,3.48,0.1466
SAC_Scratch,226,72.0,1069.65,3.48,0.1481
SAC_Scratch,227,72.0,1069.68,3.48,0.1481
SAC_Scratch,228,72.0,1070.21,3.48,0.1476
SAC_Scratch,229,72.0,1069.74,3.48,0.1476
SAC_Scratch,230,72.0,1070.06,3.48,0.1481
SAC_Scratch,231,72.0,1069.31,3.48,0.1479
SAC_Scratch,232,72.0,1068.49,3.48,0.1475
SAC_Scratch,233,72.0,1068.54,3.48,0.1477
SAC_Scratch,234,72.0,1069.27,3.48,0.146
SAC_Scratch,235,72.0,1069.63,3.48,0.1464
SAC_Scratch,236,70.0,1049.83,3.46,0.144
SAC_Scratch,237,70.0,1050.47,3.46,0.1435
SAC_Scratch,238,68.0,1031.58,3.44,0.1432
SAC_Scratch,239,68.0,1031.44,3.44,0.1431
SAC_Scratch,240,68.0,1030.13,3.44,0.1415
SAC_Scratch,241,68.0,1028.83,3.44,0.1392
SAC_Scratch,242,68.0,1028.61,3.44,0.1385
SAC_Scratch,243,66.0,1008.88,3.42,0.1373
SAC_Scratch,244,68.0,1036.96,3.46,0.1427
SAC_Scratch,245,66.0,1014.47,3.42,0.142
SAC_Scratch,246,64.0,995.86,3.4,0.1422
SAC_Scratch,247,64.0,995.85,3.4,0.1423
SAC_Scratch,248,64.0,995.43,3.4,0.1415
SAC_Scratch,249,66.0,1020.79,3.46,0.1429
SAC_Scratch,250,66.0,1020.3,3.46,0.1424
SAC_Scratch,251,68.0,1042.42,3.5,0.143
SAC_Scratch,252,68.0,1042.39,3.5,0.1424
SAC_Scratch,253,70.0,1062.98,3.54,0.1411
SAC_Scratch,254,70.0,1063.93,3.56,0.14
SAC_Scratch,255,70.0,1049.35,3.54,0.1363
SAC_Scratch,256,70.0,1049.31,3.54,0.1341
SAC_Scratch,257,72.0,1071.02,3.58,0.1318
SAC_Scratch,258,74.0,1090.41,3.6,0.131
SAC_Scratch,259,74.0,1090.27,3.6,0.1295
SAC_Scratch,260,74.0,1089.97,3.6,0.1287
SAC_Scratch,261,74.0,1088.03,3.6,0.1266
SAC_Scratch,262,76.0,1110.09,3.64,0.1279
SAC_Scratch,263,76.0,1107.45,3.62,0.1282
SAC_Scratch,264,76.0,1110.65,3.62,0.1294
SAC_Scratch,265,76.0,1109.85,3.62,0.129
SAC_Scratch,266,74.0,1088.06,3.6,0.1261
SAC_Scratch,267,74.0,1087.88,3.6,0.1251
SAC_Scratch,268,72.0,1062.52,3.54,0.1229
SAC_Scratch,269,70.0,1035.9,3.48,0.1192
SAC_Scratch,270,70.0,1036.81,3.48,0.1181
SAC_Scratch,271,70.0,1036.48,3.48,0.1186
SAC_Scratch,272,72.0,1058.16,3.52,0.1207
SAC_Scratch,273,72.0,1057.74,3.52,0.119
SAC_Scratch,274,70.0,1037.48,3.5,0.1167
SAC_Scratch,275,68.0,1012.15,3.44,0.1133
SAC_Scratch,276,66.0,989.45,3.4,0.1107
SAC_Scratch,277,66.0,989.68,3.4,0.1105
SAC_Scratch,278,66.0,988.61,3.4,0.111
SAC_Scratch,279,64.0,962.01,3.36,0.1061
SAC_Scratch,280,64.0,961.89,3.36,0.1049
SAC_Scratch,281,64.0,962.27,3.36,0.1044
SAC_Scratch,282,64.0,962.52,3.36,0.1044
SAC_Scratch,283,62.0,939.74,3.32,0.1018
SAC_Scratch,284,62.0,939.84,3.32,0.1034
SAC_Scratch,285,62.0,939.73,3.32,0.1031
SAC_Scratch,286,64.0,959.7,3.34,0.1055
SAC_Scratch,287,64.0,959.06,3.34,0.1053
SAC_Scratch,288,66.0,977.48,3.36,0.1035
SAC_Scratch,289,66.0,977.18,3.36,0.102
SAC_Scratch,290,66.0,978.54,3.36,0.1032
SAC_Scratch,291,66.0,979.01,3.36,0.1049
SAC_Scratch,292,66.0,979.0,3.36,0.1046
SAC_Scratch,293,68.0,998.93,3.38,0.1061
SAC_Scratch,294,68.0,998.29,3.38,0.1061
SAC_Scratch,295,70.0,1019.77,3.42,0.1078
SAC_Scratch,296,72.0,1038.12,3.44,0.1077
SAC_Scratch,297,72.0,1038.79,3.44,0.1079
SAC_Scratch,298,72.0,1038.6,3.44,0.1083
SAC_Scratch,299,72.0,1037.83,3.44,0.1079
SAC_Scratch,300,74.0,1060.53,3.48,0.1106
SAC_Scratch,301,74.0,1060.99,3.48,0.1126
SAC_Scratch,302,74.0,1060.78,3.48,0.114
SAC_Scratch,303,72.0,1041.03,3.46,0.1143
SAC_Scratch,304,74.0,1061.93,3.48,0.1171
SAC_Scratch,305,76.0,1094.42,3.52,0.1222
SAC_Scratch,306,76.0,1094.5,3.52,0.125
SAC_Scratch,307,76.0,1093.25,3.52,0.1259
SAC_Scratch,308,76.0,1092.95,3.52,0.1277
SAC_Scratch,309,76.0,1092.71,3.52,0.1289
SAC_Scratch,310,76.0,1092.68,3.52,0.1291
SAC_Scratch,311,78.0,1117.04,3.56,0.132
SAC_Scratch,312,78.0,1117.36,3.56,0.1329
SAC_Scratch,313,80.0,1139.43,3.6,0.133
SAC_Scratch,314,82.0,1161.9,3.64,0.135
SAC_Scratch,315,82.0,1162.42,3.64,0.1356
SAC_Scratch,316,84.0,1183.64,3.66,0.139
SAC_Scratch,317,82.0,1158.54,3.62,0.1358
SAC_Scratch,318,84.0,1184.02,3.68,0.1383
SAC_Scratch,319,86.0,1209.88,3.74,0.1417
SAC_Scratch,320,84.0,1182.98,3.7,0.1379
SAC_Scratch,321,82.0,1162.51,3.68,0.136
SAC_Scratch,322,80.0,1142.63,3.66,0.1342
SAC_Scratch,323,80.0,1143.49,3.66,0.1364
SAC_Scratch,324,82.0,1163.2,3.68,0.1375
SAC_Scratch,325,84.0,1188.34,3.74,0.1408
SAC_Scratch,326,86.0,1210.78,3.78,0.1424
SAC_Scratch,327,84.0,1185.01,3.74,0.1383
SAC_Scratch,328,84.0,1185.69,3.74,0.1391
SAC_Scratch,329,86.0,1212.68,3.78,0.1451
SAC_Scratch,330,86.0,1212.55,3.78,0.1466
SAC_Scratch,331,86.0,1212.17,3.78,0.1474
SAC_Scratch,332,86.0,1212.32,3.78,0.1479
SAC_Scratch,333,86.0,1214.13,3.8,0.1479
SAC_Scratch,334,86.0,1213.68,3.8,0.1479
SAC_Scratch,335,84.0,1192.35,3.78,0.1453
SAC_Scratch,336,82.0,1166.21,3.72,0.1416
SAC_Scratch,337,82.0,1166.36,3.72,0.1425
SAC_Scratch,338,82.0,1166.96,3.72,0.1448
SAC_Scratch,339,82.0,1167.37,3.72,0.1468
SAC_Scratch,340,82.0,1167.39,3.72,0.1481
SAC_Scratch,341,82.0,1167.33,3.72,0.1481
SAC_Scratch,342,82.0,1166.77,3.72,0.1486
SAC_Scratch,343,82.0,1166.99,3.72,0.1483
SAC_Scratch,344,82.0,1166.93,3.72,0.1481
SAC_Scratch,345,82.0,1167.2,3.72,0.1482
SAC_Scratch,346,82.0,1167.4,3.72,0.1501
SAC_Scratch,347,82.0,1167.07,3.72,0.1503
SAC_Scratch,348,82.0,1167.35,3.72,0.1507
SAC_Scratch,349,82.0,1167.68,3.72,0.1522
SAC_Scratch,350,82.0,1167.9,3.72,0.1527
SAC_Scratch,351,82.0,1166.99,3.72,0.1525
SAC_Scratch,352,82.0,1167.55,3.72,0.1533
SAC_Scratch,353,84.0,1188.02,3.74,0.1559
SAC_Scratch,354,84.0,1188.05,3.74,0.1568
SAC_Scratch,355,84.0,1187.38,3.74,0.1566
SAC_Scratch,356,84.0,1187.08,3.74,0.1567
SAC_Scratch,357,84.0,1187.9,3.74,0.1581
SAC_Scratch,358,84.0,1188.03,3.74,0.1578
SAC_Scratch,359,84.0,1187.67,3.74,0.158
SAC_Scratch,360,84.0,1186.72,3.74,0.156
SAC_Scratch,361,84.0,1186.28,3.74,0.1567
SAC_Scratch,362,84.0,1186.14,3.74,0.1564
SAC_Scratch,363,84.0,1186.16,3.74,0.1571
SAC_Scratch,364,84.0,1186.23,3.74,0.158
SAC_Scratch,365,84.0,1186.33,3.74,0.1589
SAC_Scratch,366,84.0,1186.26,3.74,0.1589
SAC_Scratch,367,86.0,1211.95,3.78,0.1637
SAC_Scratch,368,86.0,1212.13,3.78,0.1653
SAC_Scratch,369,86.0,1212.78,3.78,0.1667
SAC_Scratch,370,88.0,1239.4,3.82,0.1713
SAC_Scratch,371,90.0,1259.65,3.84,0.1738
SAC_Scratch,372,92.0,1279.26,3.86,0.1755
SAC_Scratch,373,92.0,1278.68,3.86,0.1752
SAC_Scratch,374,92.0,1279.45,3.86,0.1765
SAC_Scratch,375,92.0,1279.88,3.86,0.1766
SAC_Scratch,376,92.0,1280.07,3.86,0.1774
SAC_Scratch,377,94.0,1305.13,3.9,0.182
SAC_Scratch,378,94.0,1304.5,3.9,0.1818
SAC_Scratch,379,94.0,1304.04,3.9,0.1815
SAC_Scratch,380,94.0,1304.6,3.9,0.1818
SAC_Scratch,381,94.0,1304.73,3.9,0.1821
SAC_Scratch,382,94.0,1304.29,3.9,0.1814
SAC_Scratch,383,96.0,1324.84,3.92,0.1838
SAC_Scratch,384,96.0,1324.45,3.92,0.1836
SAC_Scratch,385,98.0,1346.23,3.94,0.1864
SAC_Scratch,386,98.0,1349.58,3.96,0.1882
SAC_Scratch,387,98.0,1349.24,3.96,0.1879
SAC_Scratch,388,98.0,1349.77,3.96,0.1885
SAC_Scratch,389,98.0,1349.59,3.96,0.1883
SAC_Scratch,390,98.0,1348.91,3.96,0.1876
SAC_Scratch,391,98.0,1349.43,3.96,0.1865
SAC_Scratch,392,96.0,1331.49,3.94,0.1852
SAC_Scratch,393,96.0,1331.36,3.94,0.1855
SAC_Scratch,394,96.0,1331.91,3.94,0.1859
SAC_Scratch,395,96.0,1332.01,3.94,0.1862
SAC_Scratch,396,96.0,1332.12,3.94,0.1864
SAC_Scratch,397,96.0,1331.86,3.94,0.1865
SAC_Scratch,398,96.0,1331.85,3.94,0.1863
SAC_Scratch,399,96.0,1331.86,3.94,0.1861
SAC_Scratch,400,96.0,1332.27,3.94,0.186
SAC_Scratch,401,96.0,1332.5,3.94,0.186
SAC_Scratch,402,96.0,1332.52,3.94,0.1856
SAC_Scratch,403,96.0,1332.89,3.94,0.1857
SAC_Scratch,404,96.0,1333.19,3.94,0.1856
SAC_Scratch,405,96.0,1333.99,3.94,0.1851
SAC_Scratch,406,96.0,1334.3,3.94,0.1848
SAC_Scratch,407,96.0,1334.44,3.94,0.1856
SAC_Scratch,408,96.0,1334.91,3.94,0.1866
SAC_Scratch,409,96.0,1336.01,3.94,0.1875
SAC_Scratch,410,96.0,1337.21,3.94,0.1903
SAC_Scratch,411,96.0,1336.69,3.94,0.1902
SAC_Scratch,412,96.0,1336.48,3.94,0.1903
SAC_Scratch,413,96.0,1336.78,3.94,0.1905
SAC_Scratch,414,96.0,1336.91,3.94,0.1906
SAC_Scratch,415,96.0,1336.22,3.94,0.1902
SAC_Scratch,416,94.0,1311.37,3.88,0.1872
SAC_Scratch,417,92.0,1289.07,3.84,0.1848
SAC_Scratch,418,92.0,1289.14,3.84,0.1849
SAC_Scratch,419,92.0,1288.98,3.84,0.185
SAC_Scratch,420,92.0,1288.37,3.84,0.1858
SAC_Scratch,421,92.0,1288.75,3.84,0.1859
SAC_Scratch,422,92.0,1288.79,3.84,0.1858
SAC_Scratch,423,92.0,1289.05,3.84,0.1857
SAC_Scratch,424,92.0,1288.27,3.84,0.1849
SAC_Scratch,425,92.0,1288.4,3.84,0.1839
SAC_Scratch,426,92.0,1288.07,3.84,0.1842
SAC_Scratch,427,90.0,1266.07,3.8,0.1826
SAC_Scratch,428,90.0,1266.05,3.8,0.1831
SAC_Scratch,429,90.0,1266.32,3.8,0.1831
SAC_Scratch,430,88.0,1244.14,3.76,0.1811
SAC_Scratch,431,86.0,1225.13,3.74,0.1783
SAC_Scratch,432,86.0,1225.07,3.74,0.1791
SAC_Scratch,433,86.0,1226.16,3.74,0.1803
SAC_Scratch,434,86.0,1226.57,3.74,0.1814
SAC_Scratch,435,86.0,1225.7,3.74,0.1814
SAC_Scratch,436,88.0,1248.38,3.78,0.1842
SAC_Scratch,437,88.0,1248.1,3.78,0.1836
SAC_Scratch,438,88.0,1247.71,3.78,0.1835
SAC_Scratch,439,88.0,1247.88,3.78,0.1838
SAC_Scratch,440,88.0,1247.9,3.78,0.1842
SAC_Scratch,441,88.0,1248.03,3.78,0.1858
SAC_Scratch,442,90.0,1266.36,3.8,0.1874
SAC_Scratch,443,90.0,1266.9,3.8,0.1879
SAC_Scratch,444,90.0,1266.45,3.8,0.1879
SAC_Scratch,445,90.0,1266.23,3.8,0.1876
SAC_Scratch,446,90.0,1266.76,3.8,0.1878
SAC_Scratch,447,90.0,1266.72,3.8,0.188
SAC_Scratch,448,90.0,1266.56,3.8,0.1886
SAC_Scratch,449,90.0,1266.33,3.8,0.1889
SAC_Scratch,450,90.0,1265.52,3.8,0.1893
SAC_Scratch,451,90.0,1265.55,3.8,0.1898
SAC_Scratch,452,90.0,1265.41,3.8,0.1894
SAC_Scratch,453,90.0,1265.38,3.8,0.1899
SAC_Scratch,454,90.0,1264.71,3.8,0.1878
SAC_Scratch,455,90.0,1264.28,3.8,0.1885
SAC_Scratch,456,90.0,1264.09,3.8,0.1889
SAC_Scratch,457,90.0,1264.84,3.8,0.1892
SAC_Scratch,458,90.0,1264.23,3.8,0.1889
SAC_Scratch,459,90.0,1262.63,3.8,0.1861
SAC_Scratch,460,88.0,1239.02,3.76,0.1826
SAC_Scratch,461,88.0,1238.67,3.76,0.1805
SAC_Scratch,462,88.0,1239.52,3.76,0.1814
SAC_Scratch,463,88.0,1238.53,3.76,0.18
SAC_Scratch,464,88.0,1238.58,3.76,0.1797
SAC_Scratch,465,88.0,1239.13,3.76,0.1804
SAC_Scratch,466,90.0,1264.21,3.82,0.1833
SAC_Scratch,467,92.0,1286.21,3.86,0.1855
SAC_Scratch,468,92.0,1286.28,3.86,0.1849
SAC_Scratch,469,92.0,1285.9,3.86,0.1844
SAC_Scratch,470,92.0,1286.31,3.86,0.185
SAC_Scratch,471,92.0,1285.99,3.86,0.1831
SAC_Scratch,472,92.0,1287.11,3.86,0.1843
SAC_Scratch,473,92.0,1286.65,3.86,0.1836
SAC_Scratch,474,92.0,1287.11,3.86,0.1841
SAC_Scratch,475,92.0,1286.57,3.86,0.1849
SAC_Scratch,476,92.0,1286.95,3.86,0.185
SAC_Scratch,477,92.0,1289.17,3.88,0.185
SAC_Scratch,478,92.0,1289.11,3.88,0.1849
SAC_Scratch,479,90.0,1268.75,3.86,0.1832
SAC_Scratch,480,92.0,1290.82,3.9,0.185
SAC_Scratch,481,94.0,1310.95,3.92,0.1881
SAC_Scratch,482,94.0,1310.87,3.92,0.1878
SAC_Scratch,483,94.0,1309.96,3.92,0.1872
SAC_Scratch,484,94.0,1310.18,3.92,0.1875
SAC_Scratch,485,92.0,1284.65,3.86,0.1835
SAC_Scratch,486,92.0,1284.24,3.86,0.1831
SAC_Scratch,487,92.0,1284.54,3.86,0.1839
SAC_Scratch,488,92.0,1284.75,3.86,0.1836
SAC_Scratch,489,92.0,1284.54,3.86,0.1835
SAC_Scratch,490,92.0,1284.37,3.86,0.1832
SAC_Scratch,491,92.0,1283.99,3.86,0.1836
SAC_Scratch,492,92.0,1284.08,3.86,0.1838
SAC_Scratch,493,92.0,1283.46,3.86,0.1836
SAC_Scratch,494,92.0,1283.32,3.86,0.1836
SAC_Scratch,495,92.0,1283.36,3.86,0.1842
SAC_Scratch,496,92.0,1282.75,3.86,0.184
SAC_Scratch,497,92.0,1282.72,3.86,0.1834
SAC_Scratch,498,90.0,1262.57,3.84,0.1806
SAC_Scratch,499,90.0,1262.46,3.84,0.1801
SAC_Scratch,500,90.0,1262.71,3.84,0.1795
SAC_FT_ActorOnly,50,0.0,71.99,0.72,0.0289
SAC_FT_ActorOnly,51,0.0,74.79,0.74,0.0299
SAC_FT_ActorOnly,52,0.0,80.11,0.78,0.0295
SAC_FT_ActorOnly,53,2.0,108.41,0.86,0.0317
SAC_FT_ActorOnly,54,4.0,137.67,0.94,0.0338
SAC_FT_ActorOnly,55,6.0,165.1,1.02,0.0353
SAC_FT_ActorOnly,56,8.0,192.62,1.1,0.0354
SAC_FT_ActorOnly,57,10.0,217.05,1.16,0.0354
SAC_FT_ActorOnly,58,12.0,244.59,1.24,0.0383
SAC_FT_ActorOnly,59,12.0,250.52,1.28,0.0401
SAC_FT_ActorOnly,60,12.0,254.4,1.32,0.0391
SAC_FT_ActorOnly,61,14.0,282.07,1.4,0.0404
SAC_FT_ActorOnly,62,16.0,309.38,1.48,0.0419
SAC_FT_ActorOnly,63,18.0,338.46,1.56,0.0454
SAC_FT_ActorOnly,64,20.0,367.99,1.64,0.0495
SAC_FT_ActorOnly,65,22.0,393.3,1.7,0.0513
SAC_FT_ActorOnly,66,24.0,418.0,1.76,0.0526
SAC_FT_ActorOnly,67,24.0,426.56,1.82,0.0538
SAC_FT_ActorOnly,68,26.0,454.2,1.9,0.0575
SAC_FT_ActorOnly,69,28.0,477.82,1.96,0.0572
SAC_FT_ActorOnly,70,28.0,482.81,2.0,0.058
SAC_FT_ActorOnly,71,28.0,485.15,2.02,0.058
SAC_FT_ActorOnly,72,28.0,489.07,2.04,0.0603
SAC_FT_ActorOnly,73,28.0,494.71,2.08,0.062
SAC_FT_ActorOnly,74,28.0,503.13,2.14,0.0633
SAC_FT_ActorOnly,75,28.0,509.94,2.18,0.0657
SAC_FT_ActorOnly,76,28.0,515.78,2.22,0.0682
SAC_FT_ActorOnly,77,30.0,543.11,2.3,0.0715
SAC_FT_ActorOnly,78,30.0,548.65,2.34,0.0711
SAC_FT_ActorOnly,79,30.0,556.28,2.38,0.0741
SAC_FT_ActorOnly,80,30.0,559.07,2.4,0.0748
SAC_FT_ActorOnly,81,32.0,587.99,2.48,0.0803
SAC_FT_ActorOnly,82,34.0,617.01,2.56,0.0848
SAC_FT_ActorOnly,83,34.0,623.52,2.6,0.0873
SAC_FT_ActorOnly,84,36.0,649.57,2.66,0.0914
SAC_FT_ActorOnly,85,38.0,676.67,2.74,0.0932
SAC_FT_ActorOnly,86,40.0,703.59,2.82,0.0948
SAC_FT_ActorOnly,87,42.0,730.67,2.9,0.0969
SAC_FT_ActorOnly,88,42.0,736.72,2.94,0.0981
SAC_FT_ActorOnly,89,44.0,762.79,3.0,0.1005
SAC_FT_ActorOnly,90,46.0,787.41,3.06,0.1013
SAC_FT_ActorOnly,91,48.0,813.18,3.12,0.1043
SAC_FT_ActorOnly,92,50.0,836.66,3.16,0.1072
SAC_FT_ActorOnly,93,50.0,846.04,3.2,0.1086
SAC_FT_ActorOnly,94,50.0,845.39,3.18,0.11
SAC_FT_ActorOnly,95,50.0,837.59,3.12,0.1084
SAC_FT_ActorOnly,96,50.0,841.12,3.14,0.1106
SAC_FT_ActorOnly,97,52.0,864.24,3.18,0.1134
SAC_FT_ActorOnly,98,52.0,862.01,3.16,0.1145
SAC_FT_ActorOnly,99,54.0,886.26,3.2,0.1179
SAC_FT_ActorOnly,100,56.0,904.35,3.22,0.1195
SAC_FT_ActorOnly,101,58.0,929.56,3.28,0.1222
SAC_FT_ActorOnly,102,60.0,949.22,3.3,0.1247
SAC_FT_ActorOnly,103,58.0,927.06,3.26,0.1253
SAC_FT_ActorOnly,104,56.0,903.22,3.22,0.125
SAC_FT_ActorOnly,105,56.0,902.88,3.22,0.1257
SAC_FT_ActorOnly,106,56.0,902.0,3.22,0.1276
SAC_FT_ActorOnly,107,56.0,901.63,3.22,0.1291
SAC_FT_ActorOnly,108,54.0,882.91,3.2,0.128
SAC_FT_ActorOnly,109,56.0,905.19,3.24,0.1297
SAC_FT_ActorOnly,110,56.0,901.89,3.22,0.1288
SAC_FT_ActorOnly,111,54.0,877.18,3.16,0.1281
SAC_FT_ActorOnly,112,52.0,855.45,3.12,0.129
SAC_FT_ActorOnly,113,52.0,856.16,3.12,0.1312
SAC_FT_ActorOnly,114,52.0,856.32,3.12,0.133
SAC_FT_ActorOnly,115,50.0,834.39,3.08,0.1329
SAC_FT_ActorOnly,116,50.0,834.36,3.08,0.1333
SAC_FT_ActorOnly,117,52.0,852.56,3.1,0.1345
SAC_FT_ActorOnly,118,52.0,852.62,3.1,0.1345
SAC_FT_ActorOnly,119,50.0,835.21,3.08,0.1344
SAC_FT_ActorOnly,120,52.0,857.28,3.12,0.1353
SAC_FT_ActorOnly,121,54.0,879.03,3.16,0.1355
SAC_FT_ActorOnly,122,56.0,900.17,3.2,0.1348
SAC_FT_ActorOnly,123,58.0,921.58,3.24,0.1344
SAC_FT_ActorOnly,124,60.0,941.09,3.26,0.1361
SAC_FT_ActorOnly,125,62.0,961.98,3.3,0.1359
SAC_FT_ActorOnly,126,64.0,983.19,3.34,0.1361
SAC_FT_ActorOnly,127,64.0,983.71,3.34,0.1361
SAC_FT_ActorOnly,128,66.0,1002.94,3.36,0.1377
SAC_FT_ActorOnly,129,68.0,1021.63,3.38,0.1388
SAC_FT_ActorOnly,130,68.0,1018.49,3.38,0.1365
SAC_FT_ActorOnly,131,68.0,1019.0,3.38,0.1363
SAC_FT_ActorOnly,132,68.0,1019.2,3.38,0.1363
SAC_FT_ActorOnly,133,70.0,1041.73,3.42,0.1375
SAC_FT_ActorOnly,134,68.0,1019.83,3.4,0.1343
SAC_FT_ActorOnly,135,68.0,1019.79,3.4,0.1331
SAC_FT_ActorOnly,136,68.0,1020.33,3.4,0.1333
SAC_FT_ActorOnly,137,68.0,1019.89,3.4,0.1333
SAC_FT_ActorOnly,138,70.0,1040.18,3.42,0.136
SAC_FT_ActorOnly,139,70.0,1040.25,3.42,0.1374
SAC_FT_ActorOnly,140,68.0,1020.93,3.4,0.1379
SAC_FT_ActorOnly,141,66.0,1002.05,3.38,0.1375
SAC_FT_ActorOnly,142,66.0,1002.9,3.38,0.1377
SAC_FT_ActorOnly,143,68.0,1023.09,3.4,0.1409
SAC_FT_ActorOnly,144,70.0,1044.78,3.44,0.1427
SAC_FT_ActorOnly,145,70.0,1049.88,3.48,0.1442
SAC_FT_ActorOnly,146,72.0,1072.32,3.52,0.144
SAC_FT_ActorOnly,147,72.0,1071.82,3.52,0.1445
SAC_FT_ActorOnly,148,74.0,1093.91,3.56,0.1461
SAC_FT_ActorOnly,149,74.0,1094.36,3.56,0.1455
SAC_FT_ActorOnly,150,74.0,1094.24,3.56,0.1462
SAC_FT_ActorOnly,151,74.0,1094.26,3.56,0.1464
SAC_FT_ActorOnly,152,74.0,1094.0,3.56,0.1471
SAC_FT_ActorOnly,153,76.0,1116.01,3.6,0.1491
SAC_FT_ActorOnly,154,78.0,1138.61,3.64,0.1518
SAC_FT_ActorOnly,155,78.0,1138.69,3.64,0.1524
SAC_FT_ActorOnly,156,78.0,1138.83,3.64,0.1528
SAC_FT_ActorOnly,157,78.0,1139.01,3.64,0.1528
SAC_FT_ActorOnly,158,80.0,1158.39,3.66,0.1554
SAC_FT_ActorOnly,159,80.0,1157.66,3.66,0.1555
SAC_FT_ActorOnly,160,82.0,1181.87,3.7,0.1594
SAC_FT_ActorOnly,161,84.0,1205.81,3.76,0.1604
SAC_FT_ActorOnly,162,86.0,1227.27,3.8,0.1593
SAC_FT_ActorOnly,163,86.0,1227.66,3.8,0.1599
SAC_FT_ActorOnly,164,86.0,1227.06,3.8,0.1593
SAC_FT_ActorOnly,165,88.0,1248.91,3.84,0.1594
SAC_FT_ActorOnly,166,88.0,1248.94,3.84,0.1586
SAC_FT_ActorOnly,167,88.0,1249.96,3.84,0.1594
SAC_FT_ActorOnly,168,88.0,1250.35,3.84,0.1579
SAC_FT_ActorOnly,169,90.0,1268.52,3.86,0.1596
SAC_FT_ActorOnly,170,90.0,1268.79,3.86,0.1606
SAC_FT_ActorOnly,171,88.0,1248.68,3.84,0.16
SAC_FT_ActorOnly,172,88.0,1248.32,3.84,0.1602
SAC_FT_ActorOnly,173,88.0,1248.43,3.84,0.1613
SAC_FT_ActorOnly,174,86.0,1229.99,3.82,0.1602
SAC_FT_ActorOnly,175,84.0,1211.79,3.8,0.1611
SAC_FT_ActorOnly,176,84.0,1210.47,3.8,0.1591
SAC_FT_ActorOnly,177,82.0,1191.02,3.78,0.1577
SAC_FT_ActorOnly,178,82.0,1190.94,3.78,0.1583
SAC_FT_ActorOnly,179,80.0,1163.55,3.72,0.153
SAC_FT_ActorOnly,180,82.0,1188.98,3.76,0.1578
SAC_FT_ActorOnly,181,82.0,1188.09,3.76,0.1558
SAC_FT_ActorOnly,182,82.0,1188.12,3.76,0.1567
SAC_FT_ActorOnly,183,80.0,1167.76,3.74,0.1554
SAC_FT_ActorOnly,184,82.0,1189.34,3.76,0.1573
SAC_FT_ActorOnly,185,82.0,1189.98,3.76,0.1592
SAC_FT_ActorOnly,186,82.0,1189.72,3.76,0.16
SAC_FT_ActorOnly,187,82.0,1190.1,3.76,0.1595
SAC_FT_ActorOnly,188,82.0,1190.02,3.76,0.1601
SAC_FT_ActorOnly,189,82.0,1190.48,3.76,0.1601
SAC_FT_ActorOnly,190,84.0,1209.82,3.78,0.1593
SAC_FT_ActorOnly,191,86.0,1228.29,3.8,0.16
SAC_FT_ActorOnly,192,86.0,1228.58,3.8,0.1592
SAC_FT_ActorOnly,193,86.0,1229.45,3.8,0.1589
SAC_FT_ActorOnly,194,86.0,1229.21,3.8,0.1578
SAC_FT_ActorOnly,195,88.0,1251.99,3.84,0.1607
SAC_FT_ActorOnly,196,88.0,1251.12,3.84,0.1623
SAC_FT_ActorOnly,197,88.0,1251.62,3.84,0.1625
SAC_FT_ActorOnly,198,88.0,1251.5,3.84,0.1625
SAC_FT_ActorOnly,199,88.0,1250.24,3.84,0.1612
SAC_FT_ActorOnly,200,86.0,1229.6,3.8,0.1615
SAC_FT_ActorOnly,201,86.0,1229.22,3.8,0.1615
SAC_FT_ActorOnly,202,86.0,1229.91,3.8,0.1613
SAC_FT_ActorOnly,203,84.0,1207.72,3.76,0.1589
SAC_FT_ActorOnly,204,84.0,1208.0,3.76,0.1594
SAC_FT_ActorOnly,205,84.0,1208.67,3.76,0.1592
SAC_FT_ActorOnly,206,84.0,1209.05,3.76,0.1587
SAC_FT_ActorOnly,207,84.0,1209.22,3.76,0.1595
SAC_FT_ActorOnly,208,84.0,1208.48,3.76,0.1587
SAC_FT_ActorOnly,209,84.0,1208.2,3.76,0.1587
SAC_FT_ActorOnly,210,84.0,1207.77,3.76,0.1584
SAC_FT_ActorOnly,211,82.0,1185.79,3.74,0.1559
SAC_FT_ActorOnly,212,80.0,1163.9,3.7,0.1557
SAC_FT_ActorOnly,213,80.0,1163.53,3.7,0.1555
SAC_FT_ActorOnly,214,80.0,1163.68,3.7,0.1558
SAC_FT_ActorOnly,215,80.0,1162.17,3.7,0.1545
SAC_FT_ActorOnly,216,80.0,1162.08,3.7,0.1558
SAC_FT_ActorOnly,217,80.0,1161.47,3.7,0.1555
SAC_FT_ActorOnly,218,80.0,1160.87,3.7,0.1568
SAC_FT_ActorOnly,219,80.0,1160.72,3.7,0.1569
SAC_FT_ActorOnly,220,80.0,1159.9,3.7,0.1559
SAC_FT_ActorOnly,221,82.0,1180.61,3.72,0.1588
SAC_FT_ActorOnly,222,80.0,1153.58,3.64,0.1566
SAC_FT_ActorOnly,223,80.0,1153.35,3.64,0.1573
SAC_FT_ActorOnly,224,82.0,1171.63,3.66,0.1588
SAC_FT_ActorOnly,225,84.0,1189.56,3.68,0.1592
SAC_FT_ActorOnly,226,84.0,1191.58,3.68,0.1618
SAC_FT_ActorOnly,227,84.0,1189.06,3.66,0.1611
SAC_FT_ActorOnly,228,84.0,1189.18,3.66,0.161
SAC_FT_ActorOnly,229,86.0,1215.23,3.72,0.1654
SAC_FT_ActorOnly,230,84.0,1189.34,3.66,0.1619
SAC_FT_ActorOnly,231,84.0,1189.76,3.66,0.1641
SAC_FT_ActorOnly,232,84.0,1189.21,3.66,0.1633
SAC_FT_ActorOnly,233,86.0,1210.17,3.68,0.1667
SAC_FT_ActorOnly,234,86.0,1210.34,3.68,0.1685
SAC_FT_ActorOnly,235,86.0,1206.14,3.68,0.1654
SAC_FT_ActorOnly,236,86.0,1205.82,3.68,0.1657
SAC_FT_ActorOnly,237,86.0,1204.71,3.68,0.1643
SAC_FT_ActorOnly,238,86.0,1204.63,3.68,0.1641
SAC_FT_ActorOnly,239,86.0,1204.67,3.68,0.1641
SAC_FT_ActorOnly,240,86.0,1205.11,3.68,0.1666
SAC_FT_ActorOnly,241,86.0,1205.75,3.68,0.1674
SAC_FT_ActorOnly,242,86.0,1205.45,3.68,0.1692
SAC_FT_ActorOnly,243,86.0,1204.88,3.68,0.1689
SAC_FT_ActorOnly,244,86.0,1206.14,3.68,0.17
SAC_FT_ActorOnly,245,86.0,1205.72,3.68,0.1696
SAC_FT_ActorOnly,246,86.0,1205.11,3.68,0.1678
SAC_FT_ActorOnly,247,86.0,1204.42,3.68,0.1671
SAC_FT_ActorOnly,248,86.0,1204.92,3.68,0.1671
SAC_FT_ActorOnly,249,86.0,1205.66,3.68,0.1689
SAC_FT_ActorOnly,250,88.0,1226.18,3.72,0.1687
SAC_FT_ActorOnly,251,88.0,1226.34,3.72,0.1691
SAC_FT_ActorOnly,252,88.0,1225.96,3.72,0.1698
SAC_FT_ActorOnly,253,90.0,1248.57,3.76,0.1721
SAC_FT_ActorOnly,254,90.0,1248.23,3.76,0.1714
SAC_FT_ActorOnly,255,90.0,1247.49,3.76,0.1709
SAC_FT_ActorOnly,256,90.0,1245.71,3.76,0.1688
SAC_FT_ActorOnly,257,88.0,1228.02,3.74,0.1675
SAC_FT_ActorOnly,258,88.0,1228.58,3.74,0.1675
SAC_FT_ActorOnly,259,88.0,1229.13,3.74,0.1669
SAC_FT_ActorOnly,260,88.0,1228.76,3.74,0.1646
SAC_FT_ActorOnly,261,90.0,1250.87,3.76,0.1685
SAC_FT_ActorOnly,262,90.0,1249.03,3.76,0.1671
SAC_FT_ActorOnly,263,90.0,1249.19,3.76,0.1671
SAC_FT_ActorOnly,264,90.0,1249.39,3.76,0.1668
SAC_FT_ActorOnly,265,88.0,1228.6,3.72,0.1675
SAC_FT_ActorOnly,266,88.0,1228.48,3.72,0.167
SAC_FT_ActorOnly,267,88.0,1228.16,3.72,0.1667
SAC_FT_ActorOnly,268,86.0,1206.7,3.68,0.1655
SAC_FT_ActorOnly,269,86.0,1207.27,3.68,0.1657
SAC_FT_ActorOnly,270,86.0,1207.97,3.68,0.1673
SAC_FT_ActorOnly,271,86.0,1208.17,3.68,0.166
SAC_FT_ActorOnly,272,86.0,1211.99,3.72,0.1657
SAC_FT_ActorOnly,273,86.0,1211.91,3.72,0.1652
SAC_FT_ActorOnly,274,86.0,1211.12,3.72,0.1649
SAC_FT_ActorOnly,275,86.0,1211.19,3.72,0.165
SAC_FT_ActorOnly,276,84.0,1188.23,3.7,0.1609
SAC_FT_ActorOnly,277,86.0,1210.26,3.74,0.1633
SAC_FT_ActorOnly,278,86.0,1210.8,3.74,0.1637
SAC_FT_ActorOnly,279,86.0,1211.52,3.74,0.1641
SAC_FT_ActorOnly,280,88.0,1237.31,3.8,0.1654
SAC_FT_ActorOnly,281,88.0,1237.19,3.8,0.1654
SAC_FT_ActorOnly,282,88.0,1237.14,3.8,0.164
SAC_FT_ActorOnly,283,88.0,1236.27,3.8,0.1612
SAC_FT_ActorOnly,284,88.0,1236.54,3.8,0.161
SAC_FT_ActorOnly,285,88.0,1239.48,3.8,0.1616
SAC_FT_ActorOnly,286,88.0,1239.16,3.8,0.1599
SAC_FT_ActorOnly,287,86.0,1217.4,3.76,0.1598
SAC_FT_ActorOnly,288,86.0,1217.31,3.76,0.1581
SAC_FT_ActorOnly,289,86.0,1217.09,3.76,0.1572
SAC_FT_ActorOnly,290,84.0,1196.78,3.74,0.1546
SAC_FT_ActorOnly,291,84.0,1196.64,3.74,0.1542
SAC_FT_ActorOnly,292,84.0,1196.0,3.74,0.1538
SAC_FT_ActorOnly,293,82.0,1170.86,3.7,0.15
SAC_FT_ActorOnly,294,82.0,1169.94,3.7,0.1497
SAC_FT_ActorOnly,295,82.0,1168.69,3.7,0.147
SAC_FT_ActorOnly,296,82.0,1169.94,3.7,0.147
SAC_FT_ActorOnly,297,82.0,1170.12,3.7,0.1467
SAC_FT_ActorOnly,298,82.0,1169.63,3.7,0.147
SAC_FT_ActorOnly,299,82.0,1169.43,3.7,0.1465
SAC_FT_ActorOnly,300,82.0,1169.45,3.7,0.1459
SAC_FT_ActorOnly,301,82.0,1169.6,3.7,0.1461
SAC_FT_ActorOnly,302,82.0,1169.45,3.7,0.1456
SAC_FT_ActorOnly,303,82.0,1169.39,3.7,0.1452
SAC_FT_ActorOnly,304,82.0,1169.47,3.7,0.1433
SAC_FT_ActorOnly,305,82.0,1169.5,3.7,0.1442
SAC_FT_ActorOnly,306,82.0,1170.59,3.7,0.1457
SAC_FT_ActorOnly,307,84.0,1187.46,3.72,0.1456
SAC_FT_ActorOnly,308,84.0,1187.29,3.72,0.1456
SAC_FT_ActorOnly,309,84.0,1187.3,3.72,0.1461
SAC_FT_ActorOnly,310,84.0,1187.68,3.72,0.1484
SAC_FT_ActorOnly,311,84.0,1188.23,3.72,0.149
SAC_FT_ActorOnly,312,86.0,1212.45,3.76,0.1522
SAC_FT_ActorOnly,313,86.0,1212.66,3.76,0.1518
SAC_FT_ActorOnly,314,86.0,1212.5,3.76,0.151
SAC_FT_ActorOnly,315,86.0,1209.7,3.76,0.1479
SAC_FT_ActorOnly,316,84.0,1186.48,3.72,0.1446
SAC_FT_ActorOnly,317,82.0,1163.21,3.68,0.1411
SAC_FT_ActorOnly,318,84.0,1185.3,3.72,0.1418
SAC_FT_ActorOnly,319,84.0,1185.36,3.72,0.1422
SAC_FT_ActorOnly,320,82.0,1162.06,3.68,0.1386
SAC_FT_ActorOnly,321,82.0,1162.25,3.68,0.1399
SAC_FT_ActorOnly,322,84.0,1186.73,3.72,0.1428
SAC_FT_ActorOnly,323,84.0,1186.79,3.72,0.1411
SAC_FT_ActorOnly,324,84.0,1187.19,3.72,0.1395
SAC_FT_ActorOnly,325,84.0,1187.08,3.72,0.1391
SAC_FT_ActorOnly,326,86.0,1209.73,3.74,0.1419
SAC_FT_ActorOnly,327,86.0,1209.33,3.74,0.1406
SAC_FT_ActorOnly,328,86.0,1208.99,3.74,0.1394
SAC_FT_ActorOnly,329,86.0,1208.71,3.74,0.1387
SAC_FT_ActorOnly,330,86.0,1209.23,3.74,0.1413
SAC_FT_ActorOnly,331,86.0,1208.83,3.74,0.1404
SAC_FT_ActorOnly,332,84.0,1188.24,3.72,0.139
SAC_FT_ActorOnly,333,84.0,1190.06,3.72,0.1417
SAC_FT_ActorOnly,334,84.0,1190.39,3.72,0.1423
SAC_FT_ActorOnly,335,84.0,1189.58,3.72,0.1423
SAC_FT_ActorOnly,336,84.0,1189.97,3.72,0.1436
SAC_FT_ActorOnly,337,86.0,1212.78,3.76,0.1463
SAC_FT_ActorOnly,338,86.0,1212.73,3.76,0.1476
SAC_FT_ActorOnly,339,86.0,1213.07,3.76,0.1489
SAC_FT_ActorOnly,340,88.0,1233.05,3.78,0.1508
SAC_FT_ActorOnly,341,86.0,1208.68,3.74,0.1465
SAC_FT_ActorOnly,342,86.0,1208.52,3.74,0.1455
SAC_FT_ActorOnly,343,88.0,1232.79,3.78,0.1484
SAC_FT_ActorOnly,344,88.0,1232.55,3.78,0.1484
SAC_FT_ActorOnly,345,88.0,1234.8,3.78,0.1513
SAC_FT_ActorOnly,346,88.0,1234.72,3.78,0.1535
SAC_FT_ActorOnly,347,88.0,1235.33,3.78,0.154
SAC_FT_ActorOnly,348,88.0,1235.84,3.78,0.1543
SAC_FT_ActorOnly,349,88.0,1236.17,3.78,0.1552
SAC_FT_ActorOnly,350,88.0,1236.62,3.78,0.1556
SAC_FT_ActorOnly,351,88.0,1235.91,3.78,0.1547
SAC_FT_ActorOnly,352,86.0,1213.97,3.74,0.1532
SAC_FT_ActorOnly,353,84.0,1191.08,3.7,0.1511
SAC_FT_ActorOnly,354,84.0,1191.17,3.7,0.1522
SAC_FT_ActorOnly,355,84.0,1190.23,3.7,0.1497
SAC_FT_ActorOnly,356,84.0,1191.48,3.7,0.1507
SAC_FT_ActorOnly,357,82.0,1169.07,3.66,0.1485
SAC_FT_ActorOnly,358,80.0,1145.77,3.62,0.1453
SAC_FT_ActorOnly,359,78.0,1123.17,3.58,0.1431
SAC_FT_ActorOnly,360,78.0,1122.84,3.58,0.1423
SAC_FT_ActorOnly,361,78.0,1122.66,3.58,0.142
SAC_FT_ActorOnly,362,78.0,1122.94,3.58,0.142
SAC_FT_ActorOnly,363,78.0,1122.88,3.58,0.1426
SAC_FT_ActorOnly,364,78.0,1123.89,3.58,0.1443
SAC_FT_ActorOnly,365,80.0,1148.74,3.62,0.1492
SAC_FT_ActorOnly,366,82.0,1172.32,3.66,0.153
SAC_FT_ActorOnly,367,84.0,1195.73,3.7,0.157
SAC_FT_ActorOnly,368,84.0,1195.63,3.7,0.158
SAC_FT_ActorOnly,369,84.0,1196.17,3.7,0.1586
SAC_FT_ActorOnly,370,86.0,1219.38,3.74,0.1625
SAC_FT_ActorOnly,371,86.0,1218.64,3.74,0.1622
SAC_FT_ActorOnly,372,86.0,1217.57,3.74,0.1629
SAC_FT_ActorOnly,373,86.0,1217.84,3.74,0.1653
SAC_FT_ActorOnly,374,86.0,1216.46,3.74,0.1642
SAC_FT_ActorOnly,375,86.0,1216.29,3.74,0.1644
SAC_FT_ActorOnly,376,84.0,1196.72,3.72,0.1645
SAC_FT_ActorOnly,377,84.0,1197.15,3.72,0.1663
SAC_FT_ActorOnly,378,84.0,1196.75,3.72,0.167
SAC_FT_ActorOnly,379,84.0,1196.79,3.72,0.1678
SAC_FT_ActorOnly,380,84.0,1196.58,3.72,0.1676
SAC_FT_ActorOnly,381,84.0,1196.92,3.72,0.1677
SAC_FT_ActorOnly,382,86.0,1217.68,3.74,0.1707
SAC_FT_ActorOnly,383,86.0,1217.38,3.74,0.1699
SAC_FT_ActorOnly,384,84.0,1196.66,3.72,0.1674
SAC_FT_ActorOnly,385,84.0,1198.52,3.72,0.1681
SAC_FT_ActorOnly,386,82.0,1174.24,3.66,0.1657
SAC_FT_ActorOnly,387,82.0,1174.02,3.66,0.1657
SAC_FT_ActorOnly,388,82.0,1174.71,3.66,0.1653
SAC_FT_ActorOnly,389,82.0,1174.8,3.66,0.1652
SAC_FT_ActorOnly,390,82.0,1174.86,3.66,0.1655
SAC_FT_ActorOnly,391,82.0,1170.6,3.64,0.1644
SAC_FT_ActorOnly,392,82.0,1170.68,3.64,0.165
SAC_FT_ActorOnly,393,82.0,1170.94,3.64,0.1661
SAC_FT_ActorOnly,394,82.0,1169.3,3.64,0.1637
SAC_FT_ActorOnly,395,82.0,1168.57,3.64,0.1634
SAC_FT_ActorOnly,396,82.0,1168.46,3.64,0.1625
SAC_FT_ActorOnly,397,80.0,1145.68,3.6,0.1603
SAC_FT_ActorOnly,398,80.0,1145.45,3.6,0.1598
SAC_FT_ActorOnly,399,80.0,1145.6,3.6,0.16
SAC_FT_ActorOnly,400,80.0,1145.11,3.6,0.1599
SAC_FT_ActorOnly,401,80.0,1145.56,3.6,0.1601
SAC_FT_ActorOnly,402,82.0,1168.49,3.64,0.1603
SAC_FT_ActorOnly,403,84.0,1191.17,3.68,0.1631
SAC_FT_ActorOnly,404,84.0,1191.95,3.68,0.1648
SAC_FT_ActorOnly,405,84.0,1193.08,3.68,0.1676
SAC_FT_ActorOnly,406,84.0,1192.07,3.68,0.168
SAC_FT_ActorOnly,407,84.0,1188.03,3.64,0.1684
SAC_FT_ActorOnly,408,86.0,1211.14,3.68,0.1717
SAC_FT_ActorOnly,409,88.0,1234.06,3.72,0.1727
SAC_FT_ActorOnly,410,88.0,1231.03,3.72,0.1705
SAC_FT_ActorOnly,411,88.0,1231.86,3.72,0.1711
SAC_FT_ActorOnly,412,88.0,1231.22,3.72,0.1712
SAC_FT_ActorOnly,413,88.0,1230.72,3.72,0.1712
SAC_FT_ActorOnly,414,88.0,1228.61,3.72,0.1683
SAC_FT_ActorOnly,415,86.0,1185.77,3.7,0.1627
SAC_FT_ActorOnly,416,84.0,1165.08,3.68,0.1597
SAC_FT_ActorOnly,417,84.0,1165.76,3.68,0.1587
SAC_FT_ActorOnly,418,84.0,1164.0,3.68,0.1558
SAC_FT_ActorOnly,419,84.0,1163.54,3.68,0.1545
SAC_FT_ActorOnly,420,84.0,1163.48,3.68,0.1534
SAC_FT_ActorOnly,421,82.0,1143.01,3.66,0.1502
SAC_FT_ActorOnly,422,82.0,1143.23,3.66,0.1504
SAC_FT_ActorOnly,423,82.0,1140.15,3.66,0.1468
SAC_FT_ActorOnly,424,80.0,1116.35,3.62,0.1451
SAC_FT_ActorOnly,425,78.0,1094.26,3.58,0.1426
SAC_FT_ActorOnly,426,80.0,1114.15,3.6,0.1438
SAC_FT_ActorOnly,427,80.0,1111.66,3.6,0.1403
SAC_FT_ActorOnly,428,80.0,1111.9,3.6,0.1409
SAC_FT_ActorOnly,429,80.0,1110.4,3.6,0.1382
SAC_FT_ActorOnly,430,78.0,1087.65,3.56,0.1352
SAC_FT_ActorOnly,431,76.0,1067.42,3.54,0.1336
SAC_FT_ActorOnly,432,76.0,1066.56,3.54,0.1313
SAC_FT_ActorOnly,433,76.0,1065.98,3.54,0.1316
SAC_FT_ActorOnly,434,78.0,1086.08,3.56,0.1318
SAC_FT_ActorOnly,435,78.0,1085.93,3.56,0.1333
SAC_FT_ActorOnly,436,80.0,1109.85,3.62,0.1347
SAC_FT_ActorOnly,437,80.0,1109.75,3.62,0.1347
SAC_FT_ActorOnly,438,80.0,1109.7,3.62,0.1356
SAC_FT_ActorOnly,439,80.0,1109.05,3.62,0.1353
SAC_FT_ActorOnly,440,78.0,1090.08,3.6,0.133
SAC_FT_ActorOnly,441,80.0,1118.85,3.66,0.1357
SAC_FT_ActorOnly,442,80.0,1118.86,3.66,0.1362
SAC_FT_ActorOnly,443,80.0,1119.03,3.66,0.1364
SAC_FT_ActorOnly,444,80.0,1121.17,3.66,0.1396
SAC_FT_ActorOnly,445,80.0,1121.04,3.66,0.1399
SAC_FT_ActorOnly,446,80.0,1120.57,3.66,0.1402
SAC_FT_ActorOnly,447,82.0,1142.48,3.7,0.1409
SAC_FT_ActorOnly,448,82.0,1141.43,3.7,0.1385
SAC_FT_ActorOnly,449,80.0,1120.34,3.68,0.1354
SAC_FT_ActorOnly,450,78.0,1099.76,3.66,0.1328
SAC_FT_ActorOnly,451,78.0,1100.39,3.66,0.1323
SAC_FT_ActorOnly,452,78.0,1099.47,3.66,0.1334
SAC_FT_ActorOnly,453,78.0,1099.25,3.66,0.1329
SAC_FT_ActorOnly,454,78.0,1098.32,3.66,0.1308
SAC_FT_ActorOnly,455,76.0,1069.18,3.62,0.1257
SAC_FT_ActorOnly,456,76.0,1069.25,3.62,0.1258
SAC_FT_ActorOnly,457,78.0,1096.04,3.7,0.1278
SAC_FT_ActorOnly,458,78.0,1095.01,3.7,0.1254
SAC_FT_ActorOnly,459,78.0,1093.98,3.7,0.1243
SAC_FT_ActorOnly,460,78.0,1096.85,3.7,0.127
SAC_FT_ActorOnly,461,78.0,1095.82,3.7,0.1269
SAC_FT_ActorOnly,462,78.0,1096.7,3.7,0.1276
SAC_FT_ActorOnly,463,78.0,1096.57,3.7,0.1274
SAC_FT_ActorOnly,464,78.0,1097.37,3.7,0.1295
SAC_FT_ActorOnly,465,80.0,1139.91,3.72,0.1343
SAC_FT_ActorOnly,466,82.0,1160.1,3.74,0.1351
SAC_FT_ActorOnly,467,82.0,1159.17,3.74,0.1352
SAC_FT_ActorOnly,468,82.0,1161.12,3.74,0.1376
SAC_FT_ActorOnly,469,82.0,1161.71,3.74,0.1378
SAC_FT_ActorOnly,470,82.0,1161.64,3.74,0.1384
SAC_FT_ActorOnly,471,84.0,1182.12,3.76,0.1415
SAC_FT_ActorOnly,472,84.0,1182.5,3.76,0.14
SAC_FT_ActorOnly,473,84.0,1186.02,3.76,0.1438
SAC_FT_ActorOnly,474,86.0,1211.02,3.8,0.1482
SAC_FT_ActorOnly,475,88.0,1233.26,3.84,0.15
SAC_FT_ActorOnly,476,88.0,1232.52,3.84,0.1499
SAC_FT_ActorOnly,477,88.0,1234.73,3.84,0.1532
SAC_FT_ActorOnly,478,88.0,1234.68,3.84,0.1535
SAC_FT_ActorOnly,479,88.0,1236.21,3.84,0.1563
SAC_FT_ActorOnly,480,90.0,1259.3,3.88,0.1592
SAC_FT_ActorOnly,481,92.0,1279.29,3.9,0.1607
SAC_FT_ActorOnly,482,92.0,1277.91,3.9,0.16
SAC_FT_ActorOnly,483,92.0,1277.07,3.9,0.1581
SAC_FT_ActorOnly,484,92.0,1276.75,3.9,0.1587
SAC_FT_ActorOnly,485,92.0,1276.84,3.9,0.1593
SAC_FT_ActorOnly,486,92.0,1275.2,3.9,0.1581
SAC_FT_ActorOnly,487,92.0,1275.79,3.9,0.1581
SAC_FT_ActorOnly,488,92.0,1275.44,3.9,0.1579
SAC_FT_ActorOnly,489,92.0,1275.35,3.9,0.158
SAC_FT_ActorOnly,490,94.0,1294.34,3.92,0.1597
SAC_FT_ActorOnly,491,94.0,1293.61,3.92,0.1622
SAC_FT_ActorOnly,492,94.0,1294.19,3.92,0.1621
SAC_FT_ActorOnly,493,94.0,1294.34,3.92,0.1623
SAC_FT_ActorOnly,494,94.0,1293.8,3.92,0.1615
SAC_FT_ActorOnly,495,94.0,1291.34,3.92,0.1584
SAC_FT_ActorOnly,496,94.0,1292.11,3.92,0.1589
SAC_FT_ActorOnly,497,94.0,1292.08,3.92,0.1606
SAC_FT_ActorOnly,498,94.0,1292.93,3.92,0.1632
SAC_FT_ActorOnly,499,96.0,1313.89,3.94,0.1657
SAC_FT_ActorOnly,500,98.0,1334.92,3.96,0.1687
PPO_Scratch,50,0.0,72.71,0.68,0.0386
PPO_Scratch,51,0.0,76.95,0.72,0.0388
PPO_Scratch,52,0.0,80.19,0.74,0.0411
PPO_Scratch,53,0.0,79.7,0.74,0.0404
PPO_Scratch,54,0.0,81.31,0.76,0.04
PPO_Scratch,55,0.0,83.83,0.78,0.041
PPO_Scratch,56,0.0,84.08,0.78,0.0416
PPO_Scratch,57,0.0,85.71,0.8,0.0412
PPO_Scratch,58,0.0,83.25,0.78,0.0404
PPO_Scratch,59,0.0,81.27,0.76,0.0407
PPO_Scratch,60,0.0,81.9,0.76,0.042
PPO_Scratch,61,0.0,81.58,0.76,0.0416
PPO_Scratch,62,0.0,84.36,0.78,0.0428
PPO_Scratch,63,0.0,81.56,0.76,0.0417
PPO_Scratch,64,0.0,81.56,0.76,0.0418
PPO_Scratch,65,0.0,83.33,0.78,0.0416
PPO_Scratch,66,0.0,84.41,0.8,0.0403
PPO_Scratch,67,0.0,89.06,0.82,0.0429
PPO_Scratch,68,0.0,89.35,0.82,0.0437
PPO_Scratch,69,0.0,91.89,0.84,0.044
PPO_Scratch,70,0.0,85.56,0.82,0.0434
PPO_Scratch,71,0.0,89.84,0.86,0.0437
PPO_Scratch,72,0.0,89.94,0.86,0.0438
PPO_Scratch,73,0.0,87.27,0.86,0.0438
PPO_Scratch,74,0.0,85.15,0.84,0.0438
PPO_Scratch,75,0.0,84.76,0.84,0.0422
PPO_Scratch,76,0.0,82.13,0.82,0.0418
PPO_Scratch,77,0.0,78.2,0.82,0.0412
PPO_Scratch,78,0.0,79.62,0.82,0.0434
PPO_Scratch,79,0.0,75.67,0.82,0.0426
PPO_Scratch,80,0.0,78.94,0.84,0.0446
PPO_Scratch,81,0.0,78.59,0.84,0.0442
PPO_Scratch,82,0.0,80.25,0.84,0.045
PPO_Scratch,83,0.0,79.23,0.84,0.043
PPO_Scratch,84,0.0,78.36,0.84,0.0419
PPO_Scratch,85,0.0,79.29,0.84,0.0432
PPO_Scratch,86,0.0,79.59,0.84,0.0433
PPO_Scratch,87,0.0,79.72,0.84,0.0431
PPO_Scratch,88,0.0,81.47,0.86,0.0429
PPO_Scratch,89,0.0,81.67,0.86,0.0434
PPO_Scratch,90,0.0,81.13,0.86,0.0424
PPO_Scratch,91,0.0,81.5,0.86,0.0427
PPO_Scratch,92,0.0,80.41,0.86,0.0402
PPO_Scratch,93,0.0,77.79,0.84,0.0396
PPO_Scratch,94,0.0,76.7,0.84,0.0373
PPO_Scratch,95,0.0,77.75,0.84,0.0387
PPO_Scratch,96,0.0,79.29,0.84,0.0413
PPO_Scratch,97,0.0,79.54,0.84,0.0417
PPO_Scratch,98,0.0,83.63,0.86,0.0442
PPO_Scratch,99,0.0,87.61,0.9,0.0442
PPO_Scratch,100,0.0,88.13,0.9,0.045
PPO_Scratch,101,0.0,88.29,0.9,0.0446
PPO_Scratch,102,0.0,90.41,0.92,0.0442
PPO_Scratch,103,0.0,91.79,0.94,0.0434
PPO_Scratch,104,0.0,89.99,0.94,0.0422
PPO_Scratch,105,0.0,90.07,0.96,0.0396
PPO_Scratch,106,0.0,93.69,1.0,0.0388
PPO_Scratch,107,0.0,95.6,1.02,0.0384
PPO_Scratch,108,0.0,99.17,1.06,0.0376
PPO_Scratch,109,0.0,102.55,1.1,0.0362
PPO_Scratch,110,0.0,101.55,1.12,0.0329
PPO_Scratch,111,0.0,103.85,1.14,0.0332
PPO_Scratch,112,0.0,103.26,1.16,0.0298
PPO_Scratch,113,0.0,106.49,1.2,0.0285
PPO_Scratch,114,0.0,110.23,1.24,0.0278
PPO_Scratch,115,0.0,109.56,1.24,0.0267
PPO_Scratch,116,0.0,108.62,1.24,0.0255
PPO_Scratch,117,0.0,108.96,1.26,0.0233
PPO_Scratch,118,0.0,112.1,1.28,0.0247
PPO_Scratch,119,0.0,107.94,1.26,0.0225
PPO_Scratch,120,0.0,113.18,1.28,0.0218
PPO_Scratch,121,0.0,112.89,1.28,0.0211
PPO_Scratch,122,0.0,115.24,1.3,0.0212
PPO_Scratch,123,0.0,119.48,1.32,0.021
PPO_Scratch,124,0.0,120.65,1.34,0.0199
PPO_Scratch,125,0.0,121.17,1.36,0.0181
PPO_Scratch,126,0.0,120.83,1.36,0.0174
PPO_Scratch,127,0.0,129.05,1.4,0.018
PPO_Scratch,128,0.0,129.25,1.42,0.015
PPO_Scratch,129,0.0,138.02,1.46,0.0167
PPO_Scratch,130,0.0,138.76,1.48,0.0142
PPO_Scratch,131,0.0,142.21,1.52,0.0133
PPO_Scratch,132,0.0,138.82,1.54,0.0093
PPO_Scratch,133,0.0,140.48,1.56,0.009
PPO_Scratch,134,0.0,144.18,1.58,0.0111
PPO_Scratch,135,0.0,146.79,1.62,0.0094
PPO_Scratch,136,0.0,148.47,1.64,0.009
PPO_Scratch,137,0.0,147.41,1.64,0.0076
PPO_Scratch,138,0.0,148.61,1.64,0.0092
PPO_Scratch,139,0.0,150.24,1.66,0.0085
PPO_Scratch,140,0.0,148.4,1.66,0.0072
PPO_Scratch,141,0.0,150.52,1.68,0.007
PPO_Scratch,142,0.0,152.55,1.7,0.0074
PPO_Scratch,143,0.0,155.2,1.72,0.0078
PPO_Scratch,144,0.0,152.72,1.72,0.0076
PPO_Scratch,145,0.0,154.39,1.74,0.0067
PPO_Scratch,146,0.0,155.48,1.76,0.0048
PPO_Scratch,147,0.0,157.65,1.78,0.0047
PPO_Scratch,148,0.0,158.64,1.8,0.0035
PPO_Scratch,149,0.0,161.17,1.82,0.004
PPO_Scratch,150,0.0,164.14,1.84,0.0048
PPO_Scratch,151,0.0,159.94,1.82,0.0043
PPO_Scratch,152,0.0,160.97,1.82,0.0057
PPO_Scratch,153,0.0,165.38,1.84,0.0084
PPO_Scratch,154,0.0,170.75,1.88,0.0092
PPO_Scratch,155,0.0,171.9,1.88,0.0104
PPO_Scratch,156,0.0,173.15,1.88,0.0116
PPO_Scratch,157,0.0,174.95,1.88,0.0143
PPO_Scratch,158,0.0,172.22,1.86,0.0145
PPO_Scratch,159,0.0,171.27,1.86,0.0138
PPO_Scratch,160,0.0,174.09,1.86,0.0159
PPO_Scratch,161,0.0,173.17,1.88,0.0133
PPO_Scratch,162,0.0,176.08,1.88,0.0164
PPO_Scratch,163,0.0,174.36,1.88,0.0167
PPO_Scratch,164,0.0,175.58,1.88,0.0184
PPO_Scratch,165,0.0,179.79,1.9,0.0209
PPO_Scratch,166,0.0,182.01,1.9,0.0233
PPO_Scratch,167,0.0,184.35,1.9,0.0259
PPO_Scratch,168,0.0,184.08,1.9,0.0255
PPO_Scratch,169,0.0,186.75,1.92,0.0264
PPO_Scratch,170,0.0,191.27,1.94,0.0291
PPO_Scratch,171,0.0,190.64,1.92,0.0312
PPO_Scratch,172,0.0,187.26,1.9,0.0299
PPO_Scratch,173,0.0,189.97,1.92,0.0304
PPO_Scratch,174,0.0,191.79,1.92,0.0327
PPO_Scratch,175,0.0,193.03,1.92,0.0342
PPO_Scratch,176,0.0,196.36,1.94,0.0359
PPO_Scratch,177,0.0,192.62,1.92,0.0345
PPO_Scratch,178,0.0,188.66,1.9,0.0326
PPO_Scratch,179,0.0,186.55,1.88,0.0326
PPO_Scratch,180,0.0,187.71,1.9,0.0316
PPO_Scratch,181,0.0,189.02,1.9,0.0332
PPO_Scratch,182,0.0,193.28,1.9,0.0359
PPO_Scratch,183,0.0,195.36,1.9,0.0391
PPO_Scratch,184,0.0,191.15,1.88,0.0362
PPO_Scratch,185,0.0,186.11,1.84,0.0349
PPO_Scratch,186,0.0,184.09,1.82,0.0349
PPO_Scratch,187,0.0,182.79,1.82,0.0334
PPO_Scratch,188,0.0,183.16,1.84,0.0311
PPO_Scratch,189,0.0,184.7,1.84,0.0329
PPO_Scratch,190,0.0,186.17,1.84,0.0336
PPO_Scratch,191,0.0,184.43,1.84,0.0315
PPO_Scratch,192,0.0,181.0,1.82,0.0299
PPO_Scratch,193,0.0,182.8,1.84,0.0295
PPO_Scratch,194,0.0,188.94,1.86,0.0317
PPO_Scratch,195,0.0,186.36,1.84,0.0313
PPO_Scratch,196,0.0,182.76,1.82,0.0295
PPO_Scratch,197,0.0,180.82,1.82,0.0276
PPO_Scratch,198,0.0,178.29,1.8,0.0268
PPO_Scratch,199,0.0,175.81,1.78,0.0262
PPO_Scratch,200,0.0,176.25,1.78,0.0272
PPO_Scratch,201,0.0,180.64,1.8,0.0283
PPO_Scratch,202,0.0,180.5,1.82,0.0254
PPO_Scratch,203,0.0,176.67,1.8,0.0231
PPO_Scratch,204,0.0,172.04,1.76,0.0222
PPO_Scratch,205,0.0,172.16,1.76,0.0219
PPO_Scratch,206,0.0,172.67,1.76,0.0228
PPO_Scratch,207,0.0,170.31,1.76,0.0196
PPO_Scratch,208,0.0,169.55,1.76,0.0181
PPO_Scratch,209,0.0,169.97,1.76,0.0181
PPO_Scratch,210,0.0,171.8,1.78,0.0179
PPO_Scratch,211,0.0,175.95,1.78,0.0219
PPO_Scratch,212,0.0,174.67,1.78,0.0204
PPO_Scratch,213,0.0,178.18,1.78,0.0225
PPO_Scratch,214,0.0,178.14,1.78,0.0223
PPO_Scratch,215,0.0,174.31,1.76,0.0202
PPO_Scratch,216,0.0,174.46,1.76,0.021
PPO_Scratch,217,0.0,174.3,1.76,0.0207
PPO_Scratch,218,0.0,174.48,1.76,0.0209
PPO_Scratch,219,0.0,175.06,1.76,0.0211
PPO_Scratch,220,0.0,172.63,1.74,0.0214
PPO_Scratch,221,0.0,174.17,1.76,0.0202
PPO_Scratch,222,0.0,172.06,1.76,0.0185
PPO_Scratch,223,0.0,170.76,1.74,0.0196
PPO_Scratch,224,0.0,171.62,1.76,0.0181
PPO_Scratch,225,0.0,169.54,1.74,0.018
PPO_Scratch,226,0.0,167.89,1.72,0.0189
PPO_Scratch,227,0.0,170.17,1.72,0.0212
PPO_Scratch,228,0.0,174.67,1.74,0.0237
PPO_Scratch,229,0.0,176.43,1.76,0.0229
PPO_Scratch,230,0.0,177.77,1.76,0.0245
PPO_Scratch,231,0.0,172.74,1.74,0.0217
PPO_Scratch,232,0.0,174.4,1.74,0.0233
PPO_Scratch,233,0.0,173.24,1.74,0.021
PPO_Scratch,234,0.0,171.91,1.74,0.0201
PPO_Scratch,235,0.0,176.49,1.76,0.0228
PPO_Scratch,236,0.0,177.7,1.78,0.0219
PPO_Scratch,237,0.0,183.85,1.82,0.0242
PPO_Scratch,238,0.0,186.42,1.82,0.0271
PPO_Scratch,239,0.0,185.73,1.82,0.0259
PPO_Scratch,240,0.0,184.91,1.82,0.0252
PPO_Scratch,241,0.0,184.82,1.82,0.025
PPO_Scratch,242,0.0,184.95,1.82,0.0249
PPO_Scratch,243,0.0,183.8,1.8,0.026
PPO_Scratch,244,0.0,179.37,1.78,0.0232
PPO_Scratch,245,0.0,178.3,1.78,0.0222
PPO_Scratch,246,0.0,178.53,1.78,0.0225
PPO_Scratch,247,0.0,179.6,1.78,0.0234
PPO_Scratch,248,0.0,180.25,1.78,0.0241
PPO_Scratch,249,0.0,178.25,1.76,0.0243
PPO_Scratch,250,0.0,178.19,1.76,0.0243
PPO_Scratch,251,0.0,177.9,1.76,0.0239
PPO_Scratch,252,0.0,174.16,1.72,0.0243
PPO_Scratch,253,0.0,175.92,1.74,0.024
PPO_Scratch,254,0.0,180.06,1.76,0.0262
PPO_Scratch,255,0.0,177.68,1.74,0.0261
PPO_Scratch,256,0.0,177.63,1.74,0.0262
PPO_Scratch,257,0.0,173.54,1.72,0.0253
PPO_Scratch,258,0.0,179.31,1.74,0.0295
PPO_Scratch,259,0.0,181.09,1.74,0.0316
PPO_Scratch,260,0.0,180.62,1.74,0.0311
PPO_Scratch,261,0.0,176.02,1.72,0.0282
PPO_Scratch,262,0.0,178.11,1.74,0.0282
PPO_Scratch,263,0.0,178.64,1.74,0.0288
PPO_Scratch,264,0.0,177.67,1.74,0.0276
PPO_Scratch,265,0.0,179.7,1.76,0.0277
PPO_Scratch,266,0.0,180.46,1.78,0.0257
PPO_Scratch,267,0.0,179.38,1.78,0.0244
PPO_Scratch,268,0.0,176.59,1.78,0.0211
PPO_Scratch,269,0.0,176.39,1.78,0.0211
PPO_Scratch,270,0.0,177.96,1.82,0.0177
PPO_Scratch,271,0.0,178.23,1.82,0.018
PPO_Scratch,272,0.0,179.99,1.82,0.0201
PPO_Scratch,273,0.0,178.15,1.82,0.018
PPO_Scratch,274,0.0,172.39,1.78,0.0169
PPO_Scratch,275,0.0,170.78,1.78,0.0151
PPO_Scratch,276,0.0,173.55,1.82,0.0131
PPO_Scratch,277,0.0,173.74,1.84,0.0108
PPO_Scratch,278,0.0,172.62,1.82,0.0125
PPO_Scratch,279,0.0,172.08,1.82,0.0118
PPO_Scratch,280,0.0,169.68,1.8,0.0113
PPO_Scratch,281,0.0,170.45,1.8,0.0118
PPO_Scratch,282,0.0,168.14,1.78,0.0117
PPO_Scratch,283,0.0,165.94,1.76,0.0116
PPO_Scratch,284,0.0,172.08,1.8,0.0133
PPO_Scratch,285,0.0,172.82,1.8,0.0144
PPO_Scratch,286,0.0,172.14,1.78,0.0163
PPO_Scratch,287,0.0,171.18,1.78,0.0151
PPO_Scratch,288,0.0,168.86,1.78,0.0124
PPO_Scratch,289,0.0,168.77,1.78,0.0125
PPO_Scratch,290,0.0,173.27,1.8,0.0157
PPO_Scratch,291,0.0,176.12,1.82,0.0167
PPO_Scratch,292,0.0,178.83,1.84,0.0174
PPO_Scratch,293,0.0,174.59,1.82,0.0147
PPO_Scratch,294,0.0,173.89,1.82,0.0137
PPO_Scratch,295,0.0,175.44,1.82,0.0154
PPO_Scratch,296,0.0,179.85,1.86,0.0157
PPO_Scratch,297,0.0,182.03,1.88,0.0158
PPO_Scratch,298,0.0,182.12,1.88,0.016
PPO_Scratch,299,0.0,186.17,1.92,0.0159
PPO_Scratch,300,0.0,183.75,1.92,0.0127
PPO_Scratch,301,0.0,183.09,1.92,0.0119
PPO_Scratch,302,0.0,184.7,1.94,0.0113
PPO_Scratch,303,0.0,186.93,1.96,0.0116
PPO_Scratch,304,0.0,186.37,1.96,0.011
PPO_Scratch,305,0.0,189.68,1.98,0.0124
PPO_Scratch,306,0.0,190.31,2.0,0.0107
PPO_Scratch,307,0.0,193.01,2.0,0.0127
PPO_Scratch,308,0.0,190.95,2.0,0.0105
PPO_Scratch,309,0.0,189.95,2.0,0.0093
PPO_Scratch,310,0.0,186.38,1.96,0.0101
PPO_Scratch,311,0.0,190.11,1.98,0.0118
PPO_Scratch,312,0.0,186.21,1.94,0.0122
PPO_Scratch,313,0.0,184.14,1.94,0.0096
PPO_Scratch,314,0.0,182.27,1.92,0.0098
PPO_Scratch,315,0.0,184.28,1.94,0.0098
PPO_Scratch,316,0.0,182.36,1.92,0.0098
PPO_Scratch,317,0.0,182.53,1.92,0.0099
PPO_Scratch,318,0.0,181.33,1.9,0.011
PPO_Scratch,319,0.0,183.47,1.92,0.011
PPO_Scratch,320,0.0,182.45,1.9,0.0121
PPO_Scratch,321,0.0,181.38,1.9,0.011
PPO_Scratch,322,0.0,184.45,1.92,0.0112
PPO_Scratch,323,0.0,185.06,1.92,0.0117
PPO_Scratch,324,0.0,186.38,1.92,0.0125
PPO_Scratch,325,0.0,188.15,1.94,0.0134
PPO_Scratch,326,0.0,185.55,1.92,0.0131
PPO_Scratch,327,0.0,184.76,1.92,0.0122
PPO_Scratch,328,0.0,185.91,1.94,0.0106
PPO_Scratch,329,0.0,187.0,1.94,0.0118
PPO_Scratch,330,0.0,188.91,1.96,0.0117
PPO_Scratch,331,0.0,188.19,1.94,0.0133
PPO_Scratch,332,0.0,190.51,1.98,0.0112
PPO_Scratch,333,0.0,190.08,1.98,0.0107
PPO_Scratch,334,0.0,191.14,1.98,0.0121
PPO_Scratch,335,0.0,189.33,1.98,0.0096
PPO_Scratch,336,0.0,188.81,1.98,0.0087
PPO_Scratch,337,0.0,187.5,1.96,0.0096
PPO_Scratch,338,0.0,189.03,1.96,0.0111
PPO_Scratch,339,0.0,185.69,1.94,0.0101
PPO_Scratch,340,0.0,184.16,1.94,0.0079
PPO_Scratch,341,0.0,179.77,1.9,0.0079
PPO_Scratch,342,0.0,180.88,1.9,0.0091
PPO_Scratch,343,0.0,183.91,1.92,0.0108
PPO_Scratch,344,0.0,188.01,1.94,0.0131
PPO_Scratch,345,0.0,190.1,1.96,0.013
PPO_Scratch,346,0.0,190.24,1.96,0.0132
PPO_Scratch,347,0.0,189.08,1.94,0.0142
PPO_Scratch,348,0.0,190.15,1.94,0.0156
PPO_Scratch,349,0.0,188.8,1.92,0.0164
PPO_Scratch,350,0.0,191.21,1.94,0.0168
PPO_Scratch,351,0.0,192.34,1.94,0.0183
PPO_Scratch,352,0.0,192.57,1.94,0.0187
PPO_Scratch,353,0.0,191.51,1.92,0.0198
PPO_Scratch,354,0.0,191.65,1.92,0.0199
PPO_Scratch,355,0.0,193.77,1.94,0.0198
PPO_Scratch,356,0.0,192.03,1.92,0.0201
PPO_Scratch,357,0.0,194.27,1.94,0.02
PPO_Scratch,358,0.0,193.26,1.94,0.0187
PPO_Scratch,359,0.0,191.37,1.92,0.0188
PPO_Scratch,360,0.0,194.59,1.94,0.02
PPO_Scratch,361,0.0,192.05,1.92,0.0195
PPO_Scratch,362,0.0,193.41,1.94,0.0187
PPO_Scratch,363,0.0,195.86,1.96,0.0192
PPO_Scratch,364,0.0,199.34,2.0,0.0185
PPO_Scratch,365,0.0,199.25,2.0,0.0184
PPO_Scratch,366,0.0,198.81,2.0,0.018
PPO_Scratch,367,0.0,200.04,2.02,0.0171
PPO_Scratch,368,0.0,202.02,2.04,0.0164
PPO_Scratch,369,0.0,198.76,2.02,0.015
PPO_Scratch,370,0.0,202.17,2.04,0.0166
PPO_Scratch,371,0.0,199.95,2.02,0.0165
PPO_Scratch,372,0.0,200.34,2.02,0.017
PPO_Scratch,373,0.0,203.63,2.04,0.0182
PPO_Scratch,374,0.0,205.88,2.06,0.0184
PPO_Scratch,375,0.0,209.06,2.08,0.0184
PPO_Scratch,376,0.0,210.1,2.08,0.0194
PPO_Scratch,377,0.0,212.96,2.1,0.0201
PPO_Scratch,378,0.0,214.12,2.1,0.0218
PPO_Scratch,379,0.0,209.14,2.08,0.0182
PPO_Scratch,380,0.0,206.84,2.06,0.0178
PPO_Scratch,381,0.0,208.8,2.08,0.0174
PPO_Scratch,382,0.0,204.01,2.04,0.0173
PPO_Scratch,383,0.0,207.19,2.08,0.0162
PPO_Scratch,384,0.0,206.04,2.06,0.0176
PPO_Scratch,385,0.0,204.64,2.06,0.016
PPO_Scratch,386,0.0,205.7,2.08,0.0149
PPO_Scratch,387,0.0,206.35,2.08,0.0157
PPO_Scratch,388,0.0,205.74,2.08,0.0153
PPO_Scratch,389,0.0,206.68,2.08,0.016
PPO_Scratch,390,0.0,207.73,2.08,0.0173
PPO_Scratch,391,0.0,210.35,2.1,0.0176
PPO_Scratch,392,0.0,209.63,2.1,0.0168
PPO_Scratch,393,0.0,205.62,2.08,0.015
PPO_Scratch,394,0.0,205.56,2.08,0.0154
PPO_Scratch,395,0.0,207.32,2.1,0.015
PPO_Scratch,396,0.0,206.93,2.08,0.0173
PPO_Scratch,397,0.0,205.14,2.08,0.0153
PPO_Scratch,398,0.0,205.33,2.1,0.013
PPO_Scratch,399,0.0,204.14,2.1,0.0116
PPO_Scratch,400,0.0,202.52,2.08,0.0121
PPO_Scratch,401,0.0,197.91,2.06,0.0096
PPO_Scratch,402,0.0,198.59,2.06,0.0104
PPO_Scratch,403,0.0,200.12,2.08,0.0099
PPO_Scratch,404,0.0,199.26,2.08,0.0088
PPO_Scratch,405,0.0,193.44,2.04,0.0072
PPO_Scratch,406,0.0,192.97,2.04,0.0066
PPO_Scratch,407,0.0,192.86,2.04,0.0064
PPO_Scratch,408,0.0,191.54,2.02,0.0073
PPO_Scratch,409,0.0,195.49,2.06,0.0071
PPO_Scratch,410,0.0,194.51,2.06,0.0062
PPO_Scratch,411,0.0,198.04,2.08,0.0082
PPO_Scratch,412,0.0,199.11,2.08,0.0094
PPO_Scratch,413,0.0,198.7,2.06,0.0113
PPO_Scratch,414,0.0,198.37,2.04,0.0134
PPO_Scratch,415,0.0,196.22,2.02,0.0135
PPO_Scratch,416,0.0,196.65,2.02,0.0142
PPO_Scratch,417,0.0,194.86,2.0,0.0145
PPO_Scratch,418,0.0,195.85,2.0,0.0158
PPO_Scratch,419,0.0,194.3,1.98,0.0169
PPO_Scratch,420,0.0,190.12,1.96,0.0146
PPO_Scratch,421,0.0,192.47,1.98,0.0149
PPO_Scratch,422,0.0,187.9,1.96,0.0127
PPO_Scratch,423,0.0,187.34,1.96,0.0121
PPO_Scratch,424,0.0,185.53,1.96,0.0111
PPO_Scratch,425,0.0,184.5,1.94,0.0125
PPO_Scratch,426,0.0,185.09,1.94,0.0131
PPO_Scratch,427,0.0,181.98,1.92,0.0134
PPO_Scratch,428,0.0,182.95,1.94,0.0118
PPO_Scratch,429,0.0,186.89,1.96,0.0144
PPO_Scratch,430,0.0,189.15,1.98,0.0148
PPO_Scratch,431,0.0,191.08,2.0,0.0147
PPO_Scratch,432,0.0,194.14,2.02,0.0151
PPO_Scratch,433,0.0,194.32,2.02,0.0152
PPO_Scratch,434,0.0,194.09,2.02,0.014
PPO_Scratch,435,0.0,192.59,2.0,0.0151
PPO_Scratch,436,0.0,193.87,2.0,0.0165
PPO_Scratch,437,0.0,193.48,2.0,0.0161
PPO_Scratch,438,0.0,192.21,2.0,0.0146
PPO_Scratch,439,0.0,192.67,2.0,0.0156
PPO_Scratch,440,0.0,194.17,2.02,0.015
PPO_Scratch,441,0.0,196.54,2.04,0.0154
PPO_Scratch,442,0.0,195.31,2.04,0.014
PPO_Scratch,443,0.0,200.01,2.06,0.0161
PPO_Scratch,444,0.0,202.09,2.08,0.0159
PPO_Scratch,445,0.0,202.72,2.08,0.0167
PPO_Scratch,446,0.0,202.42,2.08,0.016
PPO_Scratch,447,0.0,202.33,2.08,0.0159
PPO_Scratch,448,0.0,199.39,2.06,0.0149
PPO_Scratch,449,0.0,199.5,2.06,0.0152
PPO_Scratch,450,0.0,200.72,2.06,0.0163
PPO_Scratch,451,0.0,204.28,2.08,0.0175
PPO_Scratch,452,0.0,206.4,2.1,0.0176
PPO_Scratch,453,0.0,204.46,2.08,0.0178
PPO_Scratch,454,0.0,202.79,2.08,0.017
PPO_Scratch,455,0.0,202.67,2.08,0.017
PPO_Scratch,456,0.0,203.24,2.08,0.0178
PPO_Scratch,457,0.0,203.97,2.08,0.0188
PPO_Scratch,458,0.0,207.78,2.1,0.0207
PPO_Scratch,459,0.0,204.37,2.06,0.022
PPO_Scratch,460,0.0,206.17,2.08,0.0217
PPO_Scratch,461,0.0,205.15,2.08,0.0203
PPO_Scratch,462,0.0,203.28,2.06,0.0208
PPO_Scratch,463,0.0,199.55,2.04,0.0188
PPO_Scratch,464,0.0,200.36,2.06,0.0173
PPO_Scratch,465,0.0,201.74,2.06,0.0187
PPO_Scratch,466,0.0,198.9,2.06,0.0167
PPO_Scratch,467,0.0,197.77,2.04,0.0181
PPO_Scratch,468,0.0,197.02,2.04,0.0174
PPO_Scratch,469,0.0,198.08,2.04,0.0182
PPO_Scratch,470,0.0,200.71,2.06,0.0187
PPO_Scratch,471,0.0,200.86,2.06,0.0189
PPO_Scratch,472,0.0,205.15,2.08,0.0209
PPO_Scratch,473,0.0,202.81,2.06,0.0204
PPO_Scratch,474,0.0,206.63,2.08,0.0214
PPO_Scratch,475,0.0,204.38,2.08,0.0188
PPO_Scratch,476,0.0,203.32,2.08,0.0175
PPO_Scratch,477,0.0,206.0,2.08,0.0193
PPO_Scratch,478,0.0,202.37,2.04,0.0205
PPO_Scratch,479,0.0,200.88,2.04,0.0188
PPO_Scratch,480,0.0,198.96,2.02,0.019
PPO_Scratch,481,0.0,196.81,2.0,0.0189
PPO_Scratch,482,0.0,199.83,2.02,0.02
PPO_Scratch,483,0.0,200.58,2.02,0.0208
PPO_Scratch,484,0.0,199.34,2.02,0.02
PPO_Scratch,485,0.0,201.24,2.04,0.0197
PPO_Scratch,486,0.0,201.76,2.06,0.0179
PPO_Scratch,487,0.0,199.99,2.06,0.016
PPO_Scratch,488,0.0,199.33,2.04,0.0179
PPO_Scratch,489,0.0,200.55,2.06,0.0163
PPO_Scratch,490,0.0,197.77,2.04,0.0157
PPO_Scratch,491,0.0,193.18,2.0,0.0152
PPO_Scratch,492,0.0,193.06,1.98,0.0181
PPO_Scratch,493,0.0,190.29,1.96,0.0169
PPO_Scratch,494,0.0,188.06,1.94,0.0167
PPO_Scratch,495,0.0,185.52,1.92,0.016
PPO_Scratch,496,0.0,183.08,1.9,0.0157
PPO_Scratch,497,0.0,185.76,1.92,0.0164
PPO_Scratch,498,0.0,186.29,1.92,0.0171
PPO_Scratch,499,0.0,185.36,1.9,0.0187
PPO_Scratch,500,0.0,183.91,1.9,0.0173
